City_ID,City,Lat,Lng,Max Temp,Humidity,Cloudiness,Wind Speed,Country,Date
0,port-aux-francais,-49.35,70.2167,8.76,96,100,18.54,TF,1682210956
1,waitangi,-43.9535,-176.5597,14.9,86,22,0.89,NZ,1682210956
2,port alfred,-33.5906,26.891,17.55,48,100,2.79,ZA,1682210956
3,bairnsdale,-37.8333,147.6167,18.92,72,5,0.89,AU,1682210956
4,greenville,35.6127,-77.3663,19.01,97,100,1.54,US,1682210664
5,black forest,39.0131,-104.7008,-0.97,83,100,2.06,US,1682210957
6,alpena,45.0617,-83.4327,4.5,100,100,2.57,US,1682210957
7,east london,-33.0153,27.9116,17.87,55,100,2.23,ZA,1682210957
8,kaa-khem,51.6833,94.7333,2.1,37,15,0.64,RU,1682210957
9,hammerfest,70.6634,23.6821,-2.75,86,75,3.09,NO,1682210958
10,albany,42.6001,-73.9662,15.14,86,99,2.24,US,1682210735
11,avarua,-21.2078,-159.775,27.03,61,40,3.6,CK,1682210958
12,bredasdorp,-34.5322,20.0403,14.32,80,49,3.55,ZA,1682210958
13,la passe,45.5549,-0.8967,11.66,80,100,5.29,FR,1682210959
14,puerto ayora,-0.7393,-90.3518,26.42,90,87,3.13,EC,1682210959
15,lazaro cardenas,17.9583,-102.2,26.04,74,100,2.3,MX,1682210861
16,lihue,21.9789,-159.3672,27.47,73,75,4.63,US,1682210741
17,utrik,11.2278,169.8474,27.05,79,31,8.42,MH,1682210959
18,petropavlovsk-kamchatsky,53.0452,158.6483,6.33,45,75,3.0,RU,1682210960
19,west island,-12.1568,96.8225,27.99,83,75,7.2,CC,1682210960
20,grytviken,-54.2811,-36.5092,0.68,86,72,10.6,GS,1682210960
21,vilyuchinsk,52.9306,158.4028,7.15,98,92,1.33,RU,1682210960
22,new norfolk,-42.7826,147.0587,16.05,53,69,0.89,AU,1682210960
23,hawaiian paradise park,19.5933,-154.9731,27.07,78,75,4.12,US,1682210961
24,whitehorse,60.7161,-135.0538,8.43,36,75,4.12,CA,1682210857
25,aur,8.1499,171.1687,27.78,81,19,8.3,MH,1682210962
26,georgetown,5.4112,100.3354,27.96,94,20,0.0,MY,1682210887
27,ushuaia,-54.8,-68.3,8.81,76,75,2.06,AR,1682210962
28,menongue,-14.6585,17.691,16.19,86,92,0.85,AO,1682210962
29,badger,64.8,-147.5333,-4.07,56,75,8.75,US,1682210962
30,edinburgh of the seven seas,-37.0676,-12.3116,16.11,66,53,11.03,SH,1682210962
31,mejit,10.2753,170.8646,27.29,77,94,8.03,MH,1682210963
32,bethel,41.3712,-73.414,14.47,87,100,6.69,US,1682210941
33,isafjordur,66.0755,-23.124,0.24,69,13,2.1,IS,1682210963
34,cabo san lucas,22.8909,-109.9124,31.61,26,0,5.14,MX,1682210694
35,kalkaman,51.9525,76.0211,6.28,56,100,3.86,KZ,1682210963
36,ust-nera,64.5667,143.2,-3.18,90,100,3.26,RU,1682210963
37,bilibino,68.0546,166.4372,1.33,90,0,1.17,RU,1682210964
38,stanley,54.868,-1.6985,5.39,100,20,1.54,GB,1682210964
39,hamilton,39.1834,-84.5333,8.97,61,9,3.13,US,1682210731
40,sabrosa,41.267,-7.576,8.85,88,92,1.71,PT,1682210964
41,qaqortoq,60.7167,-46.0333,0.16,92,95,1.54,GL,1682210964
42,jamestown,42.097,-79.2353,8.77,86,100,7.72,US,1682210903
43,kurumkan,54.3,110.3,0.7,45,86,2.72,RU,1682210965
44,puerto natales,-51.7236,-72.4875,9.94,80,100,8.09,CL,1682210965
45,chegdomyn,51.1167,133.0167,4.42,58,100,1.6,RU,1682210965
46,vorkuta,67.5,64.0,-3.6,94,100,3.28,RU,1682210965
47,vorgashor,67.5833,63.95,-3.86,93,100,3.9,RU,1682210965
48,brisas de zicatela,15.8369,-97.0419,29.29,65,20,5.14,MX,1682210965
49,al jawf,29.5,38.75,21.83,37,98,2.57,SA,1682210965
50,hailar,49.2,119.7,3.5,17,0,5.56,CN,1682210965
51,nar'yan-mar,67.6713,53.087,-5.55,88,91,8.36,RU,1682210966
52,margate,51.3813,1.3862,11.06,87,100,1.34,GB,1682210966
53,wailua homesteads,22.0669,-159.378,26.59,77,75,4.63,US,1682210966
54,yellowknife,62.456,-114.3525,9.29,34,75,2.57,CA,1682210808
55,sungai penuh,-2.0833,101.3833,21.12,92,100,0.84,ID,1682210966
56,lautoka,-17.6167,177.4667,28.92,61,40,4.12,FJ,1682210966
57,ust'-ilimsk,58.0006,102.6619,-3.01,77,16,1.35,RU,1682210967
58,cockburn town,21.4612,-71.1419,25.01,73,1,5.28,TC,1682210967
59,siping,43.1633,124.3686,9.0,12,70,4.67,CN,1682210967
60,dudinka,69.4058,86.1778,0.9,98,100,9.19,RU,1682210967
61,longyearbyen,78.2186,15.6401,-12.09,67,0,4.12,SJ,1682210968
62,hasaki,35.7333,140.8333,14.22,52,100,5.85,JP,1682210968
63,morehead city,34.7229,-76.726,22.79,82,0,6.26,US,1682210968
64,kimbe,-5.5502,150.1429,31.63,62,56,1.56,PG,1682210968
65,nantucket,41.2835,-70.0995,10.03,89,100,8.23,US,1682210868
66,port mathurin,-19.6833,63.4167,26.08,78,11,8.08,MU,1682210968
67,talnakh,69.4865,88.3972,0.67,93,100,7.62,RU,1682210968
68,hermanus,-34.4187,19.2345,16.59,83,99,6.13,ZA,1682210717
69,hami,42.8,93.45,13.94,21,100,3.57,CN,1682210969
70,enewetak,11.3474,162.3373,26.2,85,100,8.46,MH,1682210969
71,olonkinbyen,70.9221,-8.7187,-4.06,59,10,5.02,SJ,1682210969
72,blackmans bay,-43.0167,147.3167,15.39,54,63,0.86,AU,1682210969
73,cacoal,-11.4386,-61.4472,22.76,97,100,1.32,BR,1682210970
74,el bauga,18.262,33.9081,26.75,19,5,2.96,SD,1682210970
75,urengoy,65.9667,78.3667,0.82,97,100,4.94,RU,1682210970
76,ola,59.5833,151.2833,2.86,63,100,11.78,RU,1682210970
77,kununurra,-15.7667,128.7333,28.99,32,0,8.75,AU,1682210970
78,howard springs,-12.497,131.047,29.9,64,0,6.54,AU,1682210970
79,yamada,39.4667,141.95,11.89,32,10,4.52,JP,1682210971
80,san patricio,28.017,-97.5169,24.97,79,100,6.32,US,1682210971
81,taunggyi,20.7833,97.0333,23.09,46,0,2.28,MM,1682210971
82,alice springs,-23.7,133.8833,20.75,37,0,5.66,AU,1682210971
83,adamstown,-25.066,-130.1015,23.21,96,100,7.82,PN,1682210971
84,plouzane,48.3833,-4.6167,12.18,94,100,5.66,FR,1682210972
85,mabaruma,8.2,-59.7833,23.36,96,100,1.15,GY,1682210972
86,sao jose da coroa grande,-8.8978,-35.1478,25.95,79,82,4.99,BR,1682210972
87,likasi,-10.9814,26.7333,16.27,97,96,1.38,CD,1682210972
88,marau,-28.4492,-52.2,13.16,77,0,1.99,BR,1682210972
89,atafu village,-8.5421,-172.5159,29.02,74,100,4.15,TK,1682210972
90,ifrane,33.3333,-5.25,9.88,58,91,1.08,MA,1682210972
91,nogliki,51.8333,143.1667,-0.46,92,100,7.71,RU,1682210972
92,indramayu,-6.3264,108.32,28.16,78,74,3.71,ID,1682210973
93,chonchi,-42.6128,-73.8092,8.56,94,17,0.74,CL,1682210973
94,tutoia,-2.7619,-42.2744,25.7,87,100,3.85,BR,1682210973
95,kodiak,57.79,-152.4072,12.73,24,20,5.66,US,1682210973
96,byron bay,-28.65,153.6167,22.62,61,99,8.44,AU,1682210973
97,whangarei,-35.7317,174.3239,21.04,62,0,2.84,NZ,1682210964
98,papatowai,-46.5619,169.4708,18.12,64,100,6.96,NZ,1682210973
99,margaret river,-33.95,115.0667,19.51,50,1,1.8,AU,1682210973
100,minas de marcona,-15.2119,-75.1103,18.34,72,0,3.61,PE,1682210974
101,charters towers,-20.1,146.2667,26.22,53,77,8.18,AU,1682210974
102,iqaluit,63.7506,-68.5145,-1.15,100,100,7.72,CA,1682210974
103,thinadhoo,0.5333,72.9333,28.82,72,41,2.29,MV,1682210974
104,ribeira grande,38.5167,-28.7,17.65,96,100,8.94,PT,1682210974
105,'ain el turk,35.7438,-0.7693,15.38,67,40,1.03,DZ,1682210975
106,vila franca do campo,37.7167,-25.4333,17.23,96,100,6.98,PT,1682210975
107,college,64.8569,-147.8028,-4.03,56,75,8.75,US,1682210762
108,wewak,-3.5534,143.6268,28.96,72,13,2.19,PG,1682210975
109,ulsteinvik,62.3432,5.8487,6.61,76,100,6.26,NO,1682210975
110,pisco,-13.7,-76.2167,24.03,69,0,5.66,PE,1682210975
111,tateyama,34.9833,139.8667,12.39,69,100,7.6,JP,1682210975
112,gilgit,35.9221,74.3087,6.78,35,0,3.07,PK,1682210975
113,udachny,66.4167,112.4,-3.64,53,100,3.49,RU,1682210975
114,camalu,30.85,-116.0667,20.13,54,0,2.64,MX,1682210780
115,klyuchi,52.2667,79.1667,2.71,64,100,3.93,RU,1682210975
116,lompoc,34.6391,-120.4579,22.05,79,75,14.75,US,1682210976
117,pong,19.1493,100.2752,28.8,53,0,0.39,TH,1682210976
118,sultanah,24.4926,39.5857,27.25,26,0,1.54,SA,1682210976
119,bandon,51.7469,-8.7425,7.77,94,100,3.02,IE,1682210815
120,mournies,35.4764,24.0092,16.57,82,72,0.13,GR,1682210976
121,st. john's,47.5649,-52.7093,3.21,97,100,11.62,CA,1682210929
122,tamanrasset,22.785,5.5228,18.95,14,0,2.06,DZ,1682210976
123,uturoa,-16.7333,-151.4333,28.11,79,53,9.53,PF,1682210976
124,viveiro,43.6623,-7.5934,15.13,87,88,8.69,ES,1682210976
125,bintulu,3.1667,113.0333,27.23,94,20,0.0,MY,1682210976
126,aasiaat,68.7098,-52.8699,-1.98,96,100,3.32,GL,1682210977
127,alofi,-19.0595,-169.9187,27.94,61,43,6.17,NU,1682210977
128,spittal an der drau,46.8,13.5,10.48,97,51,1.55,AT,1682210977
129,cascais,38.6979,-9.4215,15.84,86,70,4.47,PT,1682210977
130,baoding,38.8511,115.4903,11.01,59,100,1.56,CN,1682210775
131,fortuna,40.5982,-124.1573,17.74,76,21,0.89,US,1682210977
132,quellon,-43.1167,-73.6167,8.14,100,75,0.0,CL,1682210862
133,alesund,62.4723,6.1549,6.61,75,75,13.38,NO,1682210977
134,carnarvon,-24.8667,113.6333,24.69,44,84,2.41,AU,1682210977
135,greystones,53.1408,-6.0631,7.17,94,100,1.7,IE,1682210832
136,viedma,-40.8135,-62.9967,10.34,69,0,5.15,AR,1682210977
137,thompson,55.7435,-97.8558,2.09,41,75,5.14,CA,1682210977
138,keflavik,64.0049,-22.5624,4.24,100,100,1.54,IS,1682210978
139,kone,-21.0595,164.8658,30.02,59,29,1.3,NC,1682210978
140,luderitz,-26.6481,15.1594,14.99,54,100,3.32,NA,1682210978
141,tazovsky,67.4667,78.7,0.39,99,100,5.07,RU,1682210978
142,mount pearl,47.5166,-52.7813,2.75,97,100,8.75,CA,1682210978
143,nazare,-13.035,-39.0144,22.03,98,67,1.62,BR,1682210978
144,warmbad,-28.45,18.7333,14.9,13,41,1.56,NA,1682210978
145,tralee,52.2704,-9.7026,6.25,93,100,1.42,IE,1682210978
146,weinan,34.5036,109.5089,2.97,98,100,1.82,CN,1682210979
147,gadzhiyevo,69.2551,33.3362,-5.03,84,100,9.85,RU,1682210979
148,island harbour,50.724,-1.2758,11.2,93,100,3.58,GB,1682210979
149,mokopane,-24.1944,29.0097,16.43,59,7,1.61,ZA,1682210980
150,fortaleza,-3.7227,-38.5247,28.07,78,20,2.57,BR,1682210700
151,richards bay,-28.783,32.0377,21.34,81,89,4.51,ZA,1682210980
152,saipan,15.1355,145.701,29.39,100,75,9.26,MP,1682210980
153,ribeirao bonito,-22.0667,-48.1761,18.82,84,69,2.41,BR,1682210980
154,los alamos,35.8881,-106.307,14.41,27,20,4.12,US,1682210980
155,howrah,22.5892,88.3103,24.0,78,100,5.14,IN,1682210981
156,dungarpur,23.8333,73.7167,25.21,24,0,3.39,IN,1682210981
157,constantia,44.1833,28.65,6.5,74,100,2.95,RO,1682210981
158,tura,25.5198,90.2201,23.5,63,100,1.07,IN,1682210981
159,taoudenni,22.6783,-3.9836,28.7,9,77,3.96,ML,1682210981
160,bamboo flat,11.7,92.7167,29.32,70,100,0.34,IN,1682210981
161,inarajan village,13.2736,144.7484,29.66,87,100,7.63,GU,1682210982
162,chur,46.8499,9.5329,12.86,94,100,2.08,CH,1682210982
163,jabor,5.921,169.6434,27.89,81,89,7.55,MH,1682210982
164,lebu,-37.6167,-73.65,11.99,89,0,6.62,CL,1682210869
165,letlhakane,-21.4167,25.5833,20.89,43,89,3.41,BW,1682210982
166,westport,41.1415,-73.3579,15.61,86,100,9.77,US,1682210888
167,sibiti,-3.6819,13.3499,20.32,99,100,1.33,CG,1682210982
168,sona,45.4388,10.8255,15.44,86,0,1.54,IT,1682210982
169,ta`u,-14.2336,-169.5144,27.24,78,41,5.02,AS,1682210983
170,hithadhoo,-0.6,73.0833,28.89,72,100,2.6,MV,1682210983
171,godda,24.8333,87.2167,28.4,37,100,2.7,IN,1682210983
172,invercargill,-46.4,168.35,16.51,63,100,6.41,NZ,1682210983
173,ebon,4.582,168.6964,28.39,77,100,6.58,MH,1682210983
174,happy valley-goose bay,53.3168,-60.3315,3.17,81,20,2.06,CA,1682210728
175,scottburgh,-30.2867,30.7532,17.41,78,15,3.01,ZA,1682210983
176,al kharijah,25.4514,30.5464,23.54,20,11,3.68,EG,1682210983
177,cide,41.8921,33.0044,9.26,77,48,1.6,TR,1682210983
178,ilulissat,69.2167,-51.1,-0.99,86,100,0.0,GL,1682210983
179,bubaque,11.2833,-15.8333,26.26,69,8,9.1,GW,1682210983
180,antofagasta,-23.65,-70.4,18.6,84,0,3.02,CL,1682210764
181,estevan,49.1334,-102.9842,1.19,87,100,3.61,CA,1682210729
182,crane,31.3974,-102.3501,14.58,51,0,16.26,US,1682210984
183,pathein,16.7833,94.7333,29.32,76,5,1.58,MM,1682210984
184,tazacorte,28.629,-17.9293,20.54,88,100,3.6,ES,1682210984
185,as sulayyil,20.4607,45.5779,22.14,66,49,3.8,SA,1682210984
186,krasnokuts'k,50.066,35.1628,6.81,83,18,2.33,UA,1682210984
187,oranjestad,12.524,-70.027,26.97,83,20,3.6,AW,1682210686
188,ilhabela,-23.7781,-45.3581,20.67,87,15,1.61,BR,1682210984
189,arraial do cabo,-22.9661,-42.0278,23.48,72,2,3.54,BR,1682210984
190,akranes,64.3218,-22.0749,4.31,70,19,0.71,IS,1682210984
191,sitka,57.0531,-135.33,10.94,50,100,4.63,US,1682210984
192,taco pozo,-25.6167,-63.2833,18.81,73,100,2.26,AR,1682210984
193,zhalantun,48.0,122.7167,5.7,18,0,7.2,CN,1682210985
194,coquimbo,-29.9533,-71.3436,14.85,94,75,1.03,CL,1682210875
195,fada,9.5667,8.3,23.0,73,13,1.71,NG,1682210985
196,zilair,52.2332,57.4392,3.88,96,24,2.18,RU,1682210985
197,cidreira,-30.1811,-50.2056,19.88,85,39,4.34,BR,1682210985
198,hadibu,12.65,54.0333,27.5,73,8,2.34,YE,1682210985
199,jayapura,-2.5333,140.7,29.66,66,66,1.12,ID,1682210985
200,bikenibeu village,1.3673,173.1241,28.98,79,75,2.57,KI,1682210985
201,port lincoln,-34.7333,135.8667,19.35,68,0,4.38,AU,1682210985
202,jatai,-17.8814,-51.7144,19.13,95,11,1.71,BR,1682210985
203,mazagao,-0.115,-51.2894,28.03,92,100,1.01,BR,1682210986
204,yigo village,13.5361,144.8886,28.74,83,100,8.75,GU,1682210986
205,alaghsas,17.0187,8.0168,26.54,6,8,4.47,NE,1682210986
206,misratah,32.3754,15.0925,16.89,85,0,7.9,LY,1682210986
207,riachao,-7.3619,-46.6172,23.48,70,51,1.06,BR,1682210986
208,nakamura,32.9833,132.9333,19.27,55,16,1.5,JP,1682210986
209,cuddapah,14.4667,78.8167,28.78,59,77,1.76,IN,1682210986
210,togur,58.3631,82.8265,2.71,67,100,5.81,RU,1682210986
211,korla,41.7597,86.1469,9.26,58,100,5.86,CN,1682210986
212,touros,-5.1989,-35.4608,25.0,79,38,5.12,BR,1682210986
213,chardara,41.2547,67.9692,16.26,43,100,2.72,KZ,1682210987
214,belo sur tsiribihina,-19.7,44.55,21.39,93,96,1.41,MG,1682210987
215,tual,-5.6667,132.75,28.24,76,100,3.59,ID,1682210987
216,tromso,69.6496,18.957,-3.99,80,40,4.63,NO,1682210987
217,baise city,23.8997,106.6133,30.38,61,19,2.36,CN,1682210987
218,punaauia,-17.6333,-149.6,29.8,74,75,4.63,PF,1682210987
219,punta arenas,-53.15,-70.9167,10.06,71,20,11.83,CL,1682210872
220,port elizabeth,-33.918,25.5701,14.62,88,20,1.54,ZA,1682210987
221,puerto deseado,-47.7503,-65.8938,14.26,43,78,8.83,AR,1682210904
222,baishishan,43.5833,127.5667,6.4,18,7,6.17,CN,1682210987
223,katabu,-4.9333,122.5167,29.08,65,4,2.24,ID,1682210988
224,baiyin,36.5583,104.2081,3.46,76,100,2.83,CN,1682210988
225,rongelap,11.1635,166.8941,27.15,79,50,9.23,MH,1682210988
226,dhidhdhoo,6.8833,73.1,29.1,75,12,3.7,MV,1682210808
227,khovd,48.0056,91.6419,2.29,24,100,1.58,MN,1682210988
228,qarauyl,48.9451,79.255,4.35,33,31,2.12,KZ,1682210988
229,nova vicosa,-17.8919,-39.3719,23.91,88,96,5.61,BR,1682210988
230,bengbu,32.9408,117.3608,9.24,95,100,5.18,CN,1682210988
231,faya-largeau,17.9257,19.1043,29.85,12,0,2.94,TD,1682210988
232,nelson bay,-32.7167,152.15,23.03,71,8,2.24,AU,1682210988
233,shiyan,32.6475,110.7781,4.19,96,100,1.24,CN,1682210988
234,kalmunai,7.4167,81.8167,27.07,84,93,1.77,LK,1682210989
235,salym,60.0625,71.4789,1.19,99,100,1.19,RU,1682210989
236,tolanaro,-25.0319,46.9987,22.04,94,20,0.0,MG,1682210989
237,gero,-8.7039,121.1881,26.77,70,74,1.01,ID,1682210989
238,fale old settlement,-9.3852,-171.2468,28.62,77,100,4.8,TK,1682210989
239,gambela,8.25,34.5833,25.52,64,100,0.78,ET,1682210990
240,tambura,5.6,27.4667,21.01,94,100,2.68,SS,1682210990
241,cisneros,6.5383,-75.0886,19.43,99,100,0.5,CO,1682210990
242,launceston,-41.45,147.1667,16.2,60,12,4.12,AU,1682210767
243,kikwit,-5.041,18.8162,21.3,98,100,0.55,CD,1682210990
244,paphos,34.7667,32.4167,13.88,72,100,2.57,CY,1682210990
245,fort mcmurray,56.7268,-111.381,10.77,31,75,4.63,CA,1682210701
246,colonia,50.9333,6.95,12.2,85,0,1.03,DE,1682210973
247,severo-yeniseyskiy,60.3725,93.0408,-0.95,92,52,1.93,RU,1682210990
248,altay,47.8667,88.1167,3.01,51,48,1.78,CN,1682210990
249,puerto baquerizo moreno,-0.9,-89.6,26.11,76,33,5.36,EC,1682210990
250,kourou,5.1552,-52.6478,24.03,93,100,2.11,GF,1682210981
251,ingeniero jacobacci,-41.3427,-69.5448,11.87,56,0,3.38,AR,1682210991
252,anadyr,64.75,177.4833,-7.72,93,0,4.0,RU,1682210991
253,grandola,38.1772,-8.5668,14.08,90,87,1.39,PT,1682210991
254,camana,-16.6228,-72.7111,21.57,81,2,2.98,PE,1682210991
255,portland,45.5234,-122.6762,20.0,67,100,2.57,US,1682210886
256,pahrump,36.2083,-115.9839,27.19,17,1,2.24,US,1682210991
257,loreto,22.2667,-101.9667,26.01,10,11,11.2,MX,1682210991
258,boa vista,2.8197,-60.6733,24.99,88,75,3.09,BR,1682210991
259,mariehamn,60.0973,19.9348,4.34,87,0,2.06,AX,1682210991
260,ketchikan,55.3422,-131.6461,8.26,93,100,7.2,US,1682210991
261,priargunsk,50.3691,119.1012,3.94,19,0,4.77,RU,1682210991
262,geraldton,-28.7667,114.6,23.23,31,0,7.2,AU,1682210992
263,atar,20.5169,-13.0499,26.87,22,0,4.35,MR,1682210992
264,tsiombe,-25.3,45.4833,19.75,96,1,1.31,MG,1682210992
265,bereeda,11.8704,51.0579,26.61,79,94,4.0,SO,1682210992
266,dahab,28.501,34.5134,25.05,32,100,4.72,EG,1682210992
267,lycksele,64.5954,18.6735,-1.07,93,75,1.03,SE,1682210992
268,kruisfontein,-34.0033,24.7314,12.71,55,100,1.78,ZA,1682210992
269,adrar,20.5022,-10.0711,23.9,23,0,4.45,MR,1682210992
270,flying fish cove,-10.4217,105.6791,27.65,73,8,7.16,CX,1682210992
271,velasco ibarra,-1.05,-79.6167,24.42,87,16,1.09,EC,1682210992
272,cole harbour,44.6724,-63.4751,7.32,74,93,2.24,CA,1682210992
273,dapitan,8.6464,123.4208,29.74,70,28,4.27,PH,1682210992
274,tabas,33.5959,56.9244,28.12,20,100,1.03,IR,1682210993
275,veraval,20.9,70.3667,25.15,79,6,4.95,IN,1682210993
276,merizo village,13.2658,144.6691,29.43,87,100,7.75,GU,1682210993
277,novyy urgal,51.0736,132.5642,4.84,61,100,0.18,RU,1682210993
278,kudahuvadhoo,2.6708,72.8944,28.96,72,100,3.67,MV,1682210993
279,kalabo,-14.97,22.6814,22.92,57,99,0.88,ZM,1682210993
280,curuca,-0.7289,-47.8481,24.07,97,100,2.12,BR,1682210993
281,remire-montjoly,4.9167,-52.2667,24.02,100,0,0.51,GF,1682210993
282,martaban,16.5314,97.6111,28.9,70,13,2.49,MM,1682210993
283,le port,-20.9373,55.2919,24.0,78,100,3.64,RE,1682210994
284,inhambane,-23.865,35.3833,20.71,89,1,3.03,MZ,1682210994
285,shyshaky,49.8817,34.0112,7.55,76,26,2.32,UA,1682210994
286,horta,38.5333,-28.6333,17.23,96,100,8.94,PT,1682210826
287,nemuro,43.3236,145.575,4.56,70,79,2.78,JP,1682210994
288,darwin,-12.4611,130.8418,29.94,51,0,6.17,AU,1682210994
289,rio grande,-32.035,-52.0986,18.06,86,100,3.2,BR,1682210994
290,tiksi,71.6872,128.8694,-6.75,85,47,1.16,RU,1682210994
291,bonthe,7.5264,-12.505,27.19,81,60,2.76,SL,1682210994
292,taulaga,-11.0553,-171.0883,29.15,73,50,5.7,AS,1682210994
293,juliaca,-15.5,-70.1333,6.65,41,11,1.73,PE,1682210994
294,ampanihy,-24.7,44.75,18.67,93,55,2.15,MG,1682210994
295,oriximina,-1.7656,-55.8661,23.44,96,100,1.33,BR,1682210994
296,bel ombre,-4.6167,55.4167,27.91,83,20,2.06,SC,1682210995
297,pacasmayo,-7.4006,-79.5714,25.39,75,100,3.49,PE,1682210882
298,kalemie,-5.9475,29.1947,21.7,89,100,0.67,CD,1682210995
299,kutum,14.2,24.6667,25.09,18,13,3.53,SD,1682210995
300,haiku-pauwela,20.9219,-156.3051,28.01,60,40,8.23,US,1682210995
301,sao joao da barra,-21.6403,-41.0511,22.05,76,38,2.06,BR,1682210995
302,nikolo-berezovka,56.1242,54.1557,4.92,91,3,2.1,RU,1682210995
303,broken hill,-31.95,141.4333,19.78,46,0,5.83,AU,1682210995
304,praia da vitoria,38.7333,-27.0667,18.14,94,75,10.48,PT,1682210996
305,mosjoen,65.836,13.1908,0.23,80,73,0.0,NO,1682210996
306,holualoa,19.6228,-155.9522,26.42,80,100,4.12,US,1682210996
307,kapuskasing,49.4169,-82.4331,2.0,93,100,4.63,CA,1682210996
308,cifteler,39.3831,31.0392,8.85,81,100,1.68,TR,1682210996
309,arkalyk,50.2486,66.9114,9.32,34,100,6.93,KZ,1682210996
310,wuhai,39.6647,106.8122,11.55,46,100,4.27,CN,1682210996
311,remontnoye,46.5614,43.6501,7.28,94,35,4.45,RU,1682210996
312,pandan,14.0453,124.1694,29.23,70,54,1.98,PH,1682210996
313,sao joao dos inhamuns,-6.0,-40.2833,22.48,63,46,2.38,BR,1682210996
314,igarka,67.4667,86.5833,0.35,98,100,7.45,RU,1682210996
315,pravokumskoye,44.7694,44.6472,11.47,71,100,1.92,RU,1682210996
316,namibe,-15.1961,12.1522,24.85,75,42,2.98,AO,1682210996
317,labrador city,52.9463,-66.9114,3.95,60,20,0.0,CA,1682210730
318,nichinan,31.6,131.3667,16.82,60,50,5.64,JP,1682210724
319,batang berjuntai,3.3833,101.4167,29.62,86,79,1.3,MY,1682210997
320,saint joseph,39.7686,-94.8466,6.97,52,100,6.69,US,1682210997
321,mount gambier,-37.8333,140.7667,18.09,60,0,2.04,AU,1682210997
322,egilsstadir,65.2653,-14.3948,-2.05,69,100,2.06,IS,1682210997
323,mandalgovi,45.7625,106.2708,2.24,25,99,3.59,MN,1682210997
324,okha,53.5739,142.9478,-0.53,83,100,7.23,RU,1682210997
325,sarnen,46.8985,8.2507,13.95,86,100,1.54,CH,1682210997
326,naracoorte,-36.9579,140.7383,18.57,59,0,2.4,AU,1682210997
327,queenstown,-31.8976,26.8753,13.12,26,100,1.94,ZA,1682210998
328,villa gesell,-37.2639,-56.973,14.47,76,100,5.98,AR,1682210699
329,afaahiti,-17.75,-149.2833,28.93,80,100,9.82,PF,1682210998
330,choyr,46.3611,108.3611,2.73,20,18,2.75,MN,1682210998
331,barra,-11.0894,-43.1417,25.25,60,9,3.0,BR,1682210998
332,vallegrande,-18.4897,-64.1069,12.11,94,79,1.57,BO,1682210998
333,harstad,68.799,16.5293,-2.69,97,100,5.36,NO,1682210998
334,naze,28.3667,129.4833,21.51,71,22,6.95,JP,1682210998
335,taltal,-25.4,-70.4833,18.1,81,10,1.43,CL,1682210856
336,christchurch,-43.5333,172.6333,20.18,79,6,4.12,NZ,1682210859
337,susuman,62.7833,148.1667,-3.56,74,97,3.49,RU,1682210998
338,las terrenas,19.311,-69.5428,23.64,85,40,3.97,DO,1682210998
339,jianshui,23.6363,102.8264,24.82,36,2,2.56,CN,1682210998
340,sur,22.5667,59.5289,28.74,65,100,3.6,OM,1682210999
341,port augusta,-32.5,137.7667,22.77,39,0,3.31,AU,1682210999
342,fort bragg,35.139,-79.006,18.08,95,75,2.24,US,1682210999
343,stephenville,32.2207,-98.2023,16.0,73,75,4.12,US,1682210999
344,tabarka,36.9544,8.758,15.36,77,20,2.06,TN,1682210999
345,porto novo,6.4965,2.6036,29.9,85,100,3.68,BJ,1682210999
346,corner brook,48.9667,-57.9484,4.09,90,60,4.04,CA,1682210999
347,piti village,13.4626,144.6933,29.61,82,75,8.75,GU,1682210999
348,saint-pierre,-21.3393,55.4781,23.82,64,0,3.6,RE,1682210999
349,uray,60.1247,64.7758,2.57,92,62,2.21,RU,1682210999
350,paradip garh,20.3167,86.6167,25.35,62,100,3.08,IN,1682210999
351,ruteng,-8.6136,120.4721,22.27,63,69,0.68,ID,1682210999
352,weno,7.4515,151.8468,29.97,84,75,4.12,FM,1682211000
353,malakhovka,55.6478,38.0249,6.4,87,12,0.0,RU,1682211000
354,malvan,16.0667,73.4667,24.52,81,0,4.07,IN,1682211000
355,naryn,41.4287,75.9911,3.62,43,6,3.12,KG,1682211000
356,gargalianoi,37.0667,21.6333,12.42,61,0,1.7,GR,1682211000
357,okondja,-0.6549,13.6753,21.65,99,95,0.86,GA,1682211000
358,grafton,42.207,-71.6856,11.27,83,100,4.63,US,1682211001
359,yanam,16.7333,82.2167,27.59,86,30,0.77,IN,1682211001
360,beledweyne,4.7358,45.2036,27.21,73,100,3.96,SO,1682211001
361,saldanha,-33.0117,17.9442,14.03,93,100,7.87,ZA,1682211001
362,tarinkot,32.6268,65.8733,16.06,19,0,2.3,AF,1682211001
363,palma campania,40.8649,14.5487,15.84,86,51,0.78,IT,1682211001
364,matipo,-20.2839,-42.3411,17.93,88,100,1.2,BR,1682211002
365,sinabang,2.4803,96.3801,27.82,78,100,0.66,ID,1682211004
366,heroica caborca,30.7167,-112.15,30.99,9,0,8.49,MX,1682211004
367,laguna,38.421,-121.4238,28.99,37,0,4.63,US,1682211004
368,kirakira,-10.4544,161.9205,30.17,70,19,4.09,SB,1682211004
369,ginir,7.1333,40.7,14.47,91,100,1.68,ET,1682211005
370,peniche,39.3558,-9.3811,14.14,94,0,3.16,PT,1682211005
371,mahina,-17.5065,-149.489,29.87,74,75,4.63,PF,1682210981
372,kingston,17.997,-76.7936,25.53,92,75,1.03,JM,1682210728
373,kavieng,-2.5744,150.7967,29.15,70,100,3.22,PG,1682211006
374,zaozersk,69.4005,32.4476,-5.4,83,100,8.78,RU,1682211006
375,sao paulo de olivenca,-3.3783,-68.8725,23.3,97,100,0.65,BR,1682211006
376,chico,39.7285,-121.8375,28.94,26,0,3.6,US,1682211007
377,gainesville,29.6516,-82.3248,25.01,76,75,0.0,US,1682210896
378,nadym,65.5333,72.5167,0.13,99,100,2.79,RU,1682211007
379,aioun,16.6614,-9.6149,28.53,16,17,1.62,MR,1682211007
380,mutare,-18.9707,32.6709,15.24,94,100,0.89,ZW,1682211008
381,at taj,24.2049,23.2857,25.63,17,59,9.19,LY,1682211008
382,waiuku,-37.25,174.75,20.05,79,100,2.05,NZ,1682211008
383,khanty-mansiysk,61.0042,69.0019,1.06,100,0,1.0,RU,1682211008
384,quesnel,52.9999,-122.5029,14.28,38,100,5.66,CA,1682211009
385,saint-philippe,-21.3585,55.7679,23.77,76,100,3.41,RE,1682211009
386,sidrolandia,-20.9319,-54.9614,16.86,90,4,2.91,BR,1682211009
387,huilong,31.8111,121.655,14.4,85,100,8.58,CN,1682211009
388,amahai,-3.3333,128.9167,29.28,67,100,0.42,ID,1682211009
389,mil'kovo,55.6078,37.7956,6.3,63,11,1.39,RU,1682211009
390,tangalle,6.024,80.7911,25.09,90,94,2.33,LK,1682211010
391,khorixas,-20.3667,14.9667,19.82,55,51,0.57,NA,1682211010
392,bengkulu,-3.8004,102.2655,25.82,85,99,1.61,ID,1682211010
393,sant lluis,39.8526,4.2594,14.22,100,75,2.57,ES,1682211010
394,tamiahua,21.2667,-97.45,25.05,89,100,3.49,MX,1682211011
395,xinyuan,37.3,99.0,-2.32,78,100,1.2,CN,1682211011
396,yeppoon,-23.1333,150.7333,24.88,67,100,8.12,AU,1682211011
397,la ronge,55.1001,-105.2842,9.12,25,0,3.6,CA,1682211011
398,san luis del palmar,-27.5079,-58.5545,21.09,64,9,2.83,AR,1682210952
399,i-n-salah,27.1935,2.4607,25.01,26,30,6.75,DZ,1682211012
400,palangkaraya,-2.2,113.8333,26.27,85,99,1.29,ID,1682211012
401,shubarkuduk,49.1447,56.4872,9.33,75,29,4.04,KZ,1682211012
402,jinchang,38.4953,102.1739,4.86,79,100,4.13,CN,1682211012
403,yongchuan,29.3514,105.8947,13.91,90,100,1.51,CN,1682211013
404,codrington,-38.2667,141.9667,17.97,60,0,2.53,AU,1682211013
405,palu,-0.8917,119.8707,30.3,64,80,0.89,ID,1682211013
406,great falls,47.5002,-111.3008,7.04,55,100,3.09,US,1682210856
407,gusinoozyorsk,51.2833,106.5,1.68,42,74,1.62,RU,1682211014
408,ciudad lazaro cardenas,17.9583,-102.2,26.04,74,100,2.3,MX,1682210858
409,vadso,70.0744,29.7487,-3.91,86,75,8.75,NO,1682211015
410,el alto,-4.2714,-81.2147,25.81,78,25,2.82,PE,1682211015
411,at taraf,25.3628,49.725,25.3,29,100,3.51,SA,1682211015
412,riobamba,-1.6667,-78.6333,12.22,92,90,1.28,EC,1682211015
413,kenai,60.5544,-151.2583,11.05,45,40,7.72,US,1682211016
414,acajutla,13.5928,-89.8275,28.38,79,34,2.93,SV,1682211016
415,dampit,-8.2116,112.7493,26.05,76,10,0.75,ID,1682211016
416,murzuq,25.9155,13.9184,21.67,34,0,7.06,LY,1682211016
417,okhotsk,59.3833,143.3,1.81,63,7,4.36,RU,1682211016
418,port antonio,18.18,-76.4612,25.95,78,100,2.31,JM,1682211017
419,langepas,61.2544,75.2124,1.54,99,100,2.16,RU,1682211017
420,meadow lake,34.8014,-106.5436,20.59,20,100,2.6,US,1682211017
421,daru,-9.0763,143.2092,28.27,80,100,4.48,PG,1682211017
422,tortoli,39.9256,9.6572,14.9,67,0,4.12,IT,1682211017
423,kiunga,-6.1219,141.2906,31.56,61,96,0.59,PG,1682211017
424,mahilyow,53.9139,30.3364,10.66,66,100,0.3,BY,1682211018
425,kungsbacka,57.4872,12.0761,12.92,52,100,4.47,SE,1682211018
426,karagay,58.2667,54.9368,4.08,84,5,1.25,RU,1682211018
427,collier row,51.5989,0.166,11.04,90,100,3.6,GB,1682211019
428,galle,6.0367,80.217,27.4,83,98,1.79,LK,1682211020
429,shenjiamen,29.9576,122.298,14.68,86,100,7.76,CN,1682211020
430,arno,60.1167,18.6333,4.32,75,75,1.73,SE,1682211020
431,shushtar,32.0455,48.8567,25.97,27,5,0.64,IR,1682211020
432,puerto leguizamo,-0.1934,-74.7819,23.44,93,100,1.0,CO,1682211020
433,changshu city,31.6462,120.7422,14.97,82,100,7.69,CN,1682211020
434,machico,32.7,-16.7667,18.35,80,40,0.51,PT,1682211021
435,basse-terre,16.1667,-61.6667,24.58,83,20,1.54,GP,1682211021
436,pelabuhanratu,-6.9875,106.5514,27.96,80,32,0.62,ID,1682211021
437,saint-joseph,-21.3667,55.6167,23.21,72,100,1.73,RE,1682211021
438,belyy yar,53.6039,91.3903,-2.06,69,2,0.0,RU,1682211021
439,la'ie,21.6477,-157.9253,28.98,68,36,4.47,US,1682211022
440,madang,-5.2246,145.7966,29.33,68,14,0.93,PG,1682211022
441,nuku'alofa,-21.1333,-175.2,28.19,74,20,6.17,TO,1682211022
442,novyy urengoy,66.0833,76.6333,0.41,99,100,3.51,RU,1682211023
443,saint-francois,46.4154,3.9054,7.69,93,16,1.54,FR,1682211023
444,ujae,8.9322,165.7642,27.64,77,37,9.26,MH,1682211023
445,forster,-32.1667,152.5167,19.65,93,39,0.89,AU,1682211023
446,kristiansund,63.1115,7.732,4.03,60,75,8.75,NO,1682211023
447,vilyuysk,63.7553,121.6247,-2.34,84,17,2.28,RU,1682211024
448,santa luzia,-19.7697,-43.8514,19.6,75,20,5.14,BR,1682211024
449,brookings,44.3114,-96.7984,2.32,52,0,8.23,US,1682211024
450,mount isa,-20.7333,139.5,27.87,32,0,7.72,AU,1682211024
451,puerto vallarta,20.6204,-105.2307,26.06,81,40,4.63,MX,1682210829
452,karratha,-20.7377,116.8463,27.46,37,93,5.86,AU,1682211025
453,kangding,30.0513,101.9603,12.43,74,32,1.12,CN,1682211025
454,jwaneng,-24.6004,24.7303,17.27,32,2,2.22,BW,1682211025
455,berdigestyakh,62.0989,126.6992,-1.74,85,83,4.08,RU,1682211025
456,mpulungu,-8.7623,31.1141,22.25,83,100,3.61,ZM,1682211026
457,palikir - national government center,6.9248,158.1611,29.41,70,100,2.57,FM,1682211026
458,uliastay,47.7417,96.8444,2.87,37,100,1.15,MN,1682211026
459,acarau,-2.8856,-40.12,25.1,81,100,4.14,BR,1682211027
460,tshabong,-26.05,22.45,17.82,17,14,3.25,BW,1682211027
461,port douglas,-16.4833,145.4667,26.34,81,97,8.88,AU,1682211027
462,fort wellington,6.4,-57.6,24.52,92,100,2.94,GY,1682211027
463,paracuru,-3.41,-39.0306,26.17,80,100,3.49,BR,1682211028
464,ambo,-10.1308,-76.2047,16.37,92,45,1.51,PE,1682211028
465,salalah,17.0151,54.0924,28.05,78,20,1.03,OM,1682211028
466,murray bridge,-35.1167,139.2667,20.07,54,0,2.96,AU,1682210729
467,youghal,51.95,-7.8506,7.56,100,80,3.05,IE,1682211029
468,polyarnyy,69.1989,33.4478,-4.84,84,100,9.59,RU,1682211029
469,kotlas,61.2611,46.6556,6.89,81,100,4.04,RU,1682211029
470,point pedro,9.8167,80.2333,27.25,84,49,3.54,LK,1682211029
471,seosan,36.7817,126.4522,14.57,40,100,1.99,KR,1682211029
472,kuacjok,8.3002,27.9903,27.47,57,100,4.01,SS,1682211030
473,eger,47.9026,20.3733,12.05,67,96,1.0,HU,1682211030
474,tshikapa,-6.4167,20.8,21.74,96,100,0.65,CD,1682211030
475,nikolayevsk-on-amure,53.1406,140.73,0.74,92,100,4.55,RU,1682211031
476,lupane,-18.9315,27.807,18.41,59,61,2.17,ZW,1682211031
477,inari,68.906,27.0288,-5.89,77,14,5.55,FI,1682211031
478,diamantina,-18.2494,-43.6003,14.36,98,98,2.12,BR,1682211031
479,boende,-0.2167,20.8667,19.93,99,100,0.31,CD,1682211031
480,salinopolis,-0.6136,-47.3561,26.01,90,100,4.31,BR,1682211032
481,impfondo,1.6381,18.0667,21.1,97,100,0.57,CG,1682211032
482,aripuana,-9.1667,-60.6333,22.7,100,100,1.0,BR,1682211032
483,port blair,11.6667,92.75,29.35,70,100,0.12,IN,1682211032
484,mossel bay,-34.1831,22.146,18.96,68,91,2.34,ZA,1682211032
485,gorontalo,0.5412,123.0595,29.72,68,56,0.64,ID,1682211033
486,sinop,41.7711,34.8709,5.62,89,42,1.57,TR,1682211033
487,coron,11.9986,120.2043,30.42,65,15,4.16,PH,1682211033
488,grootfontein,-19.5667,18.1167,14.76,88,99,1.54,NA,1682211033
489,reggane,26.7158,0.1714,27.72,21,100,7.32,DZ,1682211034
490,lobujya,27.95,86.8167,-14.14,45,0,1.73,NP,1682211034
491,mulayjah,27.271,48.4242,26.35,27,8,4.54,SA,1682211034
492,canutama,-6.5339,-64.3831,23.03,97,100,0.83,BR,1682211034
493,vrangel',42.7297,133.0839,6.55,39,1,8.48,RU,1682211034
494,banda aceh,5.5577,95.3222,28.01,77,78,2.27,ID,1682211035
495,redcliff,-19.0333,29.7833,18.01,52,100,1.69,ZW,1682211035
496,kayangel,8.0823,134.7173,28.55,72,96,3.48,PW,1682211035
497,pingliang,35.5392,106.6861,2.86,98,100,1.19,CN,1682211035
498,san antonio de pale,-1.4014,5.6325,27.26,79,100,5.14,GQ,1682211035
499,pyhajarvi,67.0701,27.2176,-9.81,91,11,2.22,FI,1682211035
500,vedea,43.7833,25.7833,8.45,74,8,1.15,RO,1682211036
501,riacho de santana,-13.6092,-42.9389,21.1,81,10,4.09,BR,1682211036
502,labytnangi,66.6572,66.4183,-1.07,98,100,4.78,RU,1682211036
503,wusterhausen,52.8912,12.4602,14.39,79,100,2.49,DE,1682211036
504,amga,60.8953,131.9608,-1.17,78,98,4.62,RU,1682211036
505,port victoria,0.0939,33.9756,19.69,86,100,3.42,KE,1682211036
506,an ros,53.5223,-6.0931,7.22,93,75,1.54,IE,1682211036
507,revda,56.801,59.9303,4.4,98,100,2.12,RU,1682211036
508,yeniseysk,58.4497,92.1703,1.05,91,76,2.99,RU,1682211037
509,el haouaria,37.05,11.0144,15.01,85,100,5.3,TN,1682211037
510,samarskoye,46.9336,39.6814,11.58,93,81,2.3,RU,1682211037
511,terenozek,45.05,64.9833,16.59,33,100,5.67,KZ,1682211037
512,aleksandrovsk-sakhalinskiy,50.8975,142.1561,-0.16,94,100,7.71,RU,1682211037
513,lerwick,60.1545,-1.1494,7.0,74,100,15.92,GB,1682211037
514,juhaynah,26.6732,31.4976,24.37,19,76,1.95,EG,1682211037
515,gouyave,12.1646,-61.7296,26.43,83,20,7.2,GD,1682211037
516,ducheng,23.2373,111.5317,27.16,83,70,2.96,CN,1682211038
517,hue,16.4667,107.6,29.06,79,40,1.03,VN,1682210962
518,ceeldheer,3.8488,47.1806,28.24,78,100,5.11,SO,1682211039
519,zaragoza,41.6561,-0.8773,15.01,62,20,1.03,ES,1682210857
520,labuan,5.2767,115.2417,28.2,83,20,0.0,MY,1682211039
521,kuytun,54.3419,101.5036,2.08,63,53,1.05,RU,1682211039
522,bashmakovo,53.2133,43.0342,5.86,79,7,2.07,RU,1682211039
523,yarmouth,41.7057,-70.2286,11.19,82,100,5.14,US,1682211039
524,carboneras,37.0015,-1.9213,17.4,72,0,2.15,ES,1682211040
525,floro,61.5996,5.0328,10.04,57,75,2.06,NO,1682211040
526,khandyga,62.6667,135.6,-1.57,84,100,2.02,RU,1682211040
527,liwale,-9.7667,37.9333,19.86,98,100,1.49,TZ,1682211040
528,tuensang,26.2833,94.8333,20.3,76,60,0.42,IN,1682211040
529,guerrero negro,27.9769,-114.0611,19.03,56,0,7.86,MX,1682211040
530,shanwei,22.782,115.3475,22.12,87,100,5.2,CN,1682211040
531,kurmuk,10.55,34.2833,27.08,20,9,0.52,SD,1682211041
532,plastun,44.7561,136.2939,8.06,30,51,5.48,RU,1682211041
533,antonio enes,-16.2325,39.9086,23.45,84,18,2.7,MZ,1682211041
534,kiama,-34.6833,150.8667,21.67,76,100,3.34,AU,1682211041
535,antsiranana,-12.2787,49.2917,23.94,92,29,3.06,MG,1682211041
536,east end,34.5507,-92.341,17.6,44,100,3.22,US,1682211041
537,callao,-12.0667,-77.15,26.51,65,0,8.23,PE,1682210914
538,kotel'niki,55.6355,37.8445,6.2,63,11,1.39,RU,1682211041
539,greenwood,34.1668,-82.1165,16.09,52,0,4.12,US,1682210805
540,opuwo,-18.0607,13.84,18.87,65,38,1.11,NA,1682211042
541,fisterra,42.9049,-9.2629,16.12,93,65,9.33,ES,1682211042
542,jijel,36.8205,5.7667,17.23,73,100,1.13,DZ,1682211042
543,xiangyang,32.0422,112.1448,6.39,92,100,4.51,CN,1682211042
544,newman,37.3138,-121.0208,27.99,28,76,2.24,US,1682211042
545,beregovoy,55.173,73.2198,5.03,68,100,4.41,RU,1682211042
546,fairfax,38.8501,-77.3497,15.18,90,75,2.06,US,1682210962
547,aracati,-4.5617,-37.7697,26.24,71,100,4.45,BR,1682211042
548,algarrobo,10.1869,-74.5753,25.02,84,97,2.89,CO,1682211042
549,yung shue wan,22.2333,114.1167,25.19,89,82,0.45,HK,1682211042
550,camenca,48.0319,28.6978,10.23,70,84,1.25,MD,1682211042
